event_id,notary,party_icon,party_label,party_detail,collateral_choco,enslaved_name,short_label
25,Esteban Gallo,seller,a resident of Santafé (seller),bought from a resident of Santafé,no,"Maria, a woman of 18 (described as mulata)",Sale of Maria
27,Esteban Gallo,seller,a resident of Santafé (seller),bought from a resident of Santafé,no,"Joseph de Tapia, a boy of 12 (described as mulato)",Sale of Joseph de Tapia
26,Esteban Gallo,court,"Don Tomás Romero, Lieutenant of Nóvita","surety ordered by the Real Audiencia; pledged ""gold mines ... with one hundred slaves""",yes,,"Tomás Romero,
Lieutenant of Nóvita"
22,Miguel Severino de Castellanos,church,"Convent of San Francisco, Santafé",chaplaincy under its administration; before the notary of the dean and chapter,yes,,"Convent of
San Francisco"
24,Esteban Gallo,seller,a resident of Santafé (seller),bought from a resident of Santafé,no,"Thomas, a man of 36 (described as negro)",Sale of Thomas
4,Esteban Gallo,mint,"Don Joseph Salvador de Ricaurte, treasurer of the mint","at 5%: the governor of Popayán's debt, taken on",yes,,"Joseph Salvador de Ricaurte,
treasurer of the mint"
